id;title;channel;minutes;views;kind;url
Ajjf0ZR8MNY;"""Vas, who are we not inviting to Seliger? Details in the description""";;1;219;интервью;https://www.youtube.com/watch?v=Ajjf0ZR8MNY
eo92S4OtMcM;.ГЕРОИ - Василий Якеменко (с.2) Большой, коллективный Путин;ГЕРОИ сегодня;27;45648;интервью;https://www.youtube.com/watch?v=eo92S4OtMcM
YZhGYFOLnLY;20 главных ошибок родителей. Дети, запреты, синие киты. Спикер: Василий Якеменко;Юлия Коваленко;84;17000;интервью;https://www.youtube.com/watch?v=YZhGYFOLnLY
q6uPNjjjlSc;3 вещи убивают вашу реальность: страх, лень и надежда;Денис Царюк and Разговор О...;72;58300;интервью;https://www.youtube.com/watch?v=q6uPNjjjlSc
QohSHW03nhc;Experiment: How deprivation creates the life of your dreams. Part 1.;;5;752;интервью;https://www.youtube.com/watch?v=QohSHW03nhc
7Jch00KD-B0;Experiment: How deprivation creates the life of your dreams. Part 2;;3;363;интервью;https://www.youtube.com/watch?v=7Jch00KD-B0
70ry3ywKRmk;Experiment: How deprivation creates the life of your dreams. Part 3;;6;421;интервью;https://www.youtube.com/watch?v=70ry3ywKRmk
Ix9upAa5k9M;Martin Scorsese on Film Language and Violence / Interview / Russian Voiceover;;11;1500;интервью;https://www.youtube.com/watch?v=Ix9upAa5k9M
7UkDEUvqilA;On the point of assembly of consciousness. Details in the description;;4;236;интервью;https://www.youtube.com/watch?v=7UkDEUvqilA
unA1mlLY6YI;September 23, 2026;;8;244;интервью;https://www.youtube.com/watch?v=unA1mlLY6YI
Arqoe3wIONw;Surkov's associate Yakemenko on how Putin's inner circle makes billions;Om TV;10;30000;интервью;https://www.youtube.com/watch?v=Arqoe3wIONw
DUskUb4VaH4;Vasily Yakemenko. How to read books? Why read books?;Книжные Маяки России;62;6500;интервью;https://www.youtube.com/watch?v=DUskUb4VaH4
b69YBKlKE3I;Vasya, what will happen to a person at Seliger? Details in the description;;1;132;интервью;https://www.youtube.com/watch?v=b69YBKlKE3I
iJ6Fl2oJUoI;WHO TO LISTEN TO? WHO TO PLEASE?;Читаем себя;60;4900;интервью;https://www.youtube.com/watch?v=iJ6Fl2oJUoI
MrMywaPVdkY;What is money? Vasily Yakemenko. Start at 8 a.m.;ШКОЛА ВЕЛИКИХ КНИГ;28;30000;интервью;https://www.youtube.com/watch?v=MrMywaPVdkY
cuUnVc7UU5c;Who are the people spending 5 days with us side-by-side in tents?) Details in the description;;5;380;интервью;https://www.youtube.com/watch?v=cuUnVc7UU5c
PY0njP64ZEM;You aren't reading books. You're just looking at letters👇;;2;282;интервью;https://www.youtube.com/watch?v=PY0njP64ZEM
oreaTrAwEv0;«Семиотика» БОЛЬШОЙ РАЗГОВОР с Якеменко Василием #ШВК;КиноКлуб  Василий Якеменко ;104;11000;интервью;https://www.youtube.com/watch?v=oreaTrAwEv0
FxIm_4dXUKs;"БОЛЬШОЙ РАЗГОВОР #ШВК ""Безумный Мир"" Василий Якеменко 26.11.2018";Большой Разговор;99;7854;интервью;https://www.youtube.com/watch?v=FxIm_4dXUKs
c0lilOU0mPs;"БОЛЬШОЙ РАЗГОВОР #ШВК ""Жизнь по предоплате"" Василий Якеменко и Мария Соболева";Большой Разговор;124;8349;интервью;https://www.youtube.com/watch?v=c0lilOU0mPs
hkO9vzd5wQI;"БОЛЬШОЙ РАЗГОВОР #ШВК ""Ключи Реальности"" Меркулов Дмитрий 26.04.2017";Большой Разговор;64;9900;интервью;https://www.youtube.com/watch?v=hkO9vzd5wQI
3H1kqcXUBF4;"Большой Разговор ""Развод с родителями"", Василий Якеменко и Мария Соболева, 28.06.2024";Большой Разговор;113;20028;интервью;https://www.youtube.com/watch?v=3H1kqcXUBF4
sE9YCAPWFuU;"Большой Разговор ""Спанч Боб"" Якеменко Василий и Соболева Мария 25.03.2019";Большой Разговор;107;10907;интервью;https://www.youtube.com/watch?v=sE9YCAPWFuU
BRDj0Df2twU;"Большой Разговор #ШВК ""Кооператив Взаимопомощь"" Василий Якеменко и Мария Соболева 04.10.2020";Большой Разговор;126;4676;интервью;https://www.youtube.com/watch?v=BRDj0Df2twU
_rE8_hsL1Ic;В чем нужно ПРИЗНАТЬСЯ себе? Есть три типа людей: гении, женщины и НЕУДАЧНИКИ. Василий Якеменко.;Игорь Егоров;23;21522;интервью;https://www.youtube.com/watch?v=_rE8_hsL1Ic
Hm-NO8JIU6o;"Василий Якеменко ""Технология добра//Беги за мной""";EinzatsAA;29;1613;интервью;https://www.youtube.com/watch?v=Hm-NO8JIU6o
tphv4FWjYqg;"Василий Якеменко в ""Позднем разговоре"" ч.2";fnebvideo;10;1183;интервью;https://www.youtube.com/watch?v=tphv4FWjYqg
jzO344r-G0g;Василий Якеменко на слёте Клуба JUST BUSINESS / апрель 2022;JUST BUSINESS;96;8700;интервью;https://www.youtube.com/watch?v=jzO344r-G0g
dAhkL3rD9Es;Василий Якеменко. Как читать книги? Зачем читать книги?;Книжные Маяки России;63;2645;интервью;https://www.youtube.com/watch?v=dAhkL3rD9Es
Dg4zl4ycZ4E;"Василий Якеменко: ""Через 25 лет не будет никого, включая их детей."" @Historical_Chtivo";Историческое Чтиво;87;56481;интервью;https://www.youtube.com/watch?v=Dg4zl4ycZ4E
qIaenMVKpdI;Василий Якеменко: «проснулся с мыслью, где взять денег? Значит, у тебя всё прекрасно»;Денис Царюк;78;76636;интервью;https://www.youtube.com/watch?v=qIaenMVKpdI
Mo1hBB37YAQ;Василий Якеменко: Женщины разучились любить без денег;Денис Царюк;96;28093;интервью;https://www.youtube.com/watch?v=Mo1hBB37YAQ
NXLEaSbH1vg;Василий Якеменко: Правда о 'Селигере', Кино и Будущем Молодежи;Цена Слова;57;13473;интервью;https://www.youtube.com/watch?v=NXLEaSbH1vg
fR1GYzoMff4;Василий Якеменко: Эти ОШИБКИ держат тебя В БЕДНОСТИ / Что МЕШАЕТ тебе стать БОГАТЫМ?;Руслан Сухий | Инвестиции Недвижимость Бизнес ;79;64821;интервью;https://www.youtube.com/watch?v=fR1GYzoMff4
md_UW0ziMAU;Василий Якименко Команда 2018;Виктор Ялфимов;10;528;интервью;https://www.youtube.com/watch?v=md_UW0ziMAU
2GdZnOYpVXA;Волк с Уолл стрит;;1;1800;интервью;https://www.youtube.com/watch?v=2GdZnOYpVXA
antHUUP0kOk;Вступительная речь для информпотока и предпринимателей | Василий Якеменко | Лекториум;Лекториум;53;2777;интервью;https://www.youtube.com/watch?v=antHUUP0kOk
pmOEKY9JyKQ;ГОСУДАРСТВО БЕЗ ПРАВИЛ - НИКАКИХ НОРМАТИВОВ | Василий Якеменко;Подкаст Вадима Коженова;70;31217;интервью;https://www.youtube.com/watch?v=pmOEKY9JyKQ
EF4xRIoKvvo;Дело и природа желаний;Большой Разговор;26;3500;интервью;https://www.youtube.com/watch?v=EF4xRIoKvvo
M2G4J1ZQEpE;День открытых дверей 30.08.2022 | Василий Якеменко;JUST BUSINESS;100;9894;интервью;https://www.youtube.com/watch?v=M2G4J1ZQEpE
Z96cRf1DCr4;Дешёвая молодежь, Василий Якеменко, Селигер, Наши, Клаус Шваб и интернет, Сергей Ступников;Горбатинская Правда;19;196;интервью;https://www.youtube.com/watch?v=Z96cRf1DCr4
GMpS8TJM778;Интервью Якеменко, статьи Дугина и Суркова — что они говорят о России и о войне (Eng sub)  @Max_Katz;Максим Кац;14;674755;интервью;https://www.youtube.com/watch?v=GMpS8TJM778
MEdFguXHCHc;Интервью с Василием Якеменко;КиноКлуб  Василий Якеменко ;96;35375;интервью;https://www.youtube.com/watch?v=MEdFguXHCHc
Mzrs-8xqTTs;Исповедь метафизика-рогоносца;Remi Meisner;206;103938;интервью;https://www.youtube.com/watch?v=Mzrs-8xqTTs
fmVj4xbK798;Как перестать быть экономической машиной — Якеменко;Денис Царюк;82;89131;интервью;https://www.youtube.com/watch?v=fmVj4xbK798
k5FRFH_CTms;Кто УПРАВЛЯЕТ Вами? О «Человечности» Путина и Сознании. Есть ли будущее у РОССИИ?  Василий Якеменко;Не стой на месте;69;111746;интервью;https://www.youtube.com/watch?v=k5FRFH_CTms
GP8VuU4imVg;Кто станет богатым в 2026 Василий Якеменко ;СДЕЛКА;67;27823;интервью;https://www.youtube.com/watch?v=GP8VuU4imVg
nWD-YKp5Txs;Лидерство. Цели и задачи Селигера 2010 | Василий Якеменко | Лекториум;Лекториум;35;5659;интервью;https://www.youtube.com/watch?v=nWD-YKp5Txs
hiarSMA7OIY;Личная эффективность — это ловушка | Якеменко по понедельникам;Денис Царюк;12;11592;интервью;https://www.youtube.com/watch?v=hiarSMA7OIY
sY14gBSJNuE;НАЗАД В БУДУЩЕЕ | Василий Якеменко и Мария Соболева | БОЛЬШОЙ РАЗГОВОР #ШВК | 08.10.2024;Читаем себя;123;12994;интервью;https://www.youtube.com/watch?v=sY14gBSJNuE
ENeFRA5XjDs;О деньгах. Разговор о бедности и богатстве. Мышление богатого и бедного человека. Василий Якеменко;Философия денег;73;472;интервью;https://www.youtube.com/watch?v=ENeFRA5XjDs
GtOUy737xkI;О проекте;;1;214;интервью;https://www.youtube.com/watch?v=GtOUy737xkI
b_EsvXUjG8o;Об образе будущего | Василий Якеменко | Лекториум;Лекториум;70;4194;интервью;https://www.youtube.com/watch?v=b_EsvXUjG8o
JZf3pSHbL0s;Обратная связь от Участников КиноКлуба;;2;735;интервью;https://www.youtube.com/watch?v=JZf3pSHbL0s
QGbmFB7Rzoo;Онлайн-встреча с Валентиной Мериновой по смыслам фильма «Оппенгеймер»;;52;721;интервью;https://www.youtube.com/watch?v=QGbmFB7Rzoo
jDmEmZCH8DQ;Откровения экс-министра: путь во власть, «крыша» и как вывести 10000 на площадь | Якеменко Василий;Гладкий Я - Подкаст Губина Максима;131;53038;интервью;https://www.youtube.com/watch?v=jDmEmZCH8DQ
dI2L7MW8_bs;Откровенно про бизнес и не только! Василий Якеменко / Алиса про business;Алиса про business;31;8875;интервью;https://www.youtube.com/watch?v=dI2L7MW8_bs
fSLSpXvE1y0;Откровенное интервью создателя «Наших». О деньгах и взглядах элит;Meduza;2;56000;интервью;https://www.youtube.com/watch?v=fSLSpXvE1y0
pTvC2JoSTuA;Продолжение разговора о Богатстве и Бедности. Экс-министр РФ Василий Якеменко.;Александр Воловик | Быть плохим;43;34981;интервью;https://www.youtube.com/watch?v=pTvC2JoSTuA
Cekm5QAoLIY;Разговор на материале многосерийного фильма «ЧЕРНОБЫЛЬ» | Василий Якеменко | 25 июля 2025;Читаем себя;86;8331;интервью;https://www.youtube.com/watch?v=Cekm5QAoLIY
IMeeGxVv7Eg;СОБЕСЕДОВАНИЕ С САМИМ СОБОЙ;Читаем себя;47;8900;интервью;https://www.youtube.com/watch?v=IMeeGxVv7Eg
EMsXdApCisg;Секс со старухой как феномен.  Василий Якеменко;КиноКлуб  Василий Якеменко ;48;14000;интервью;https://www.youtube.com/watch?v=EMsXdApCisg
7Rvavje6iW0;Секс-работницы из Кремля. Как экс-министр поставлял девушек для элиты;Популярная политика;13;639977;интервью;https://www.youtube.com/watch?v=7Rvavje6iW0
3ecpFhDmvB4;ФОРМА — то, что делает тебя человеком | Якеменко по понедельникам;Разговор О... and Денис Царюк;15;8999;интервью;https://www.youtube.com/watch?v=3ecpFhDmvB4
6Iubh2mijAw;Чернуха! Якименко натравливает Наших на оппозицию;Nepotrebnadzor;15;1685;интервью;https://www.youtube.com/watch?v=6Iubh2mijAw
lnClPICGrV0;Что такое КиноКлуб?;;1;374;интервью;https://www.youtube.com/watch?v=lnClPICGrV0
pbwSL2mwOY8;Что такое КиноКлуб?;;1;357;интервью;https://www.youtube.com/watch?v=pbwSL2mwOY8
N_Oo4hoHQ8Y;ШКОЛА ВЕЛИКИХ КНИГ. НАЧАЛО | ВАСИЛИЙ ЯКЕМЕНКО;Читаем себя;71;14070;интервью;https://www.youtube.com/watch?v=N_Oo4hoHQ8Y
pAQisPgCOdk;Экс-министр Якеменко: почему ты бедный и как стать богатым;Денис Царюк;81;72698;интервью;https://www.youtube.com/watch?v=pAQisPgCOdk
5nxwuQafa6E;Экс-министр: Единственная причина зачем быть в отношениях в 2025 году;АНЖЕЛИА;61;177503;интервью;https://www.youtube.com/watch?v=5nxwuQafa6E
XAANhlSUDuA;Якеменко на Дожде, как уж на сковородке.;Noxchyn;59;41726;интервью;https://www.youtube.com/watch?v=XAANhlSUDuA
zjFlsuIUP4U;Якеменко: Почему 99% людей не могут думать;Денис Царюк;66;32192;интервью;https://www.youtube.com/watch?v=zjFlsuIUP4U
LaTLZrAI8Og;Якеменко: единственный способ найти гармонию в жизни;Денис Царюк;68;23971;интервью;https://www.youtube.com/watch?v=LaTLZrAI8Og
GY_Pq_mOyJ4;Якеменко: причина что-либо делать — это причина этого не делать;Разговор О... and Денис Царюк;67;22393;интервью;https://www.youtube.com/watch?v=GY_Pq_mOyJ4
uprT29i_8oo;— Вась, давай поговорим еще про формат, палатки, лагерь.. О чем это по смыслу?) Подробности 👇;;5;214;интервью;https://www.youtube.com/watch?v=uprT29i_8oo
JbDgBB29msU;09.11 Бизнес-завтрак с Василием Якеменко;Бизнес-клуб DP;3;347;короткое;https://www.youtube.com/watch?v=JbDgBB29msU
WA4TM9m8nBc;«ЖТВ» / «Машук 2010»: Василий Якеменко на Машуке (Выпуск 7);Андрей Жариков;4;672;короткое;https://www.youtube.com/watch?v=WA4TM9m8nBc
KsbmkT_F99E;Адвокат Кашина: Якименко не прав;Телеканал Дождь;1;213;короткое;https://www.youtube.com/watch?v=KsbmkT_F99E
LYygyokAtBo;Акция «Наша победа»: Борис Якеменко;Андрей Жариков;3;678;Борис Якеменко;https://www.youtube.com/watch?v=LYygyokAtBo
VDQgueEgoMQ;Атаку на «Коммерсантъ» заказали «Наши». Доказано;Телеканал Дождь;5;364;короткое;https://www.youtube.com/watch?v=VDQgueEgoMQ
rEzE5oGsIRo;"Василий Якеменко в ""Позднем разговоре"" ч.1";fnebvideo;9;2707;короткое;https://www.youtube.com/watch?v=rEzE5oGsIRo
txFVTn9HIOk;"Василий Якеменко в ""Позднем разговоре"" ч.3";fnebvideo;10;1998;короткое;https://www.youtube.com/watch?v=txFVTn9HIOk
YfHmi9pStWQ;"Василий Якеменко в ""Позднем разговоре"" ч.4";fnebvideo;9;1580;короткое;https://www.youtube.com/watch?v=YfHmi9pStWQ
QdMF5ubk0J8;"Василий Якеменко надувает ""Партию власти""";Firstnews Ru;4;406;короткое;https://www.youtube.com/watch?v=QdMF5ubk0J8
H70nNMdErMM;Василий Якеменко о Медведеве и Путине и о ВУЗах;Николай Серов;6;5600;короткое;https://www.youtube.com/watch?v=H70nNMdErMM
qUjbkC5OFE4;Василий Якеменко о Путине;Levnik;2;9902;короткое;https://www.youtube.com/watch?v=qUjbkC5OFE4
MhT41uZ_Oog;Василий Якеменко покинул пост руководителя Федерального агентства по делам молодежи, а Владислав Сур;станислав стасов;1;332;короткое;https://www.youtube.com/watch?v=MhT41uZ_Oog
weSUCwyRfgY;Вася Якеменко, Селигер - разговор по понятиям;Ekatherina N+;5;19418;короткое;https://www.youtube.com/watch?v=weSUCwyRfgY
_pJaYJmXP2Y;Видеоотчет «Безумный Мир». БОЛЬШОЙ РАЗГОВОР #ШВК  Василий Якеменко. 26.11.2018;Большой Разговор;3;1576;короткое;https://www.youtube.com/watch?v=_pJaYJmXP2Y
W2fD2fXZg1M;"Еженедельный обзор ""Рассерженных Горожан"" \ Откровения Васи Якеменко";Рассерженные Горожане;2;379842;короткое;https://www.youtube.com/watch?v=W2fD2fXZg1M
vRpSu2iJhxU;Министр раскололся. Что рассказал чиновник Амирану Сардарову;Популярная политика;15;54949;разбор/реакция;https://www.youtube.com/watch?v=vRpSu2iJhxU
rg8LyrN5zD8;Настоящий Якеменко о Настоящем Путине!;Митинги Протесты;4;949;короткое;https://www.youtube.com/watch?v=rg8LyrN5zD8
WsHrRjwckyY;Номинация «Духовность» — Борис Якеменко;Фестиваль Кино;3;434;Борис Якеменко;https://www.youtube.com/watch?v=WsHrRjwckyY
ttfc-6H1Wf0;О кредитной системе;Борис Якеменко;4;513;короткое;https://www.youtube.com/watch?v=ttfc-6H1Wf0
j8mFCWr6v5M;О растущем недоверии к власти;Борис Якеменко;2;211;короткое;https://www.youtube.com/watch?v=j8mFCWr6v5M
1HVWrHzrm-Y;После прочтения сжечь. Обсуждения смысла фильма с Василием Якеменко;;2;3100;короткое;https://www.youtube.com/watch?v=1HVWrHzrm-Y
C6hxHR4D3i0;Почему нельзя говорить ПРАВДУ — Якеменко по понедельникам;Денис Царюк // Размышления;7;12453;короткое;https://www.youtube.com/watch?v=C6hxHR4D3i0
8C2xXnqZG6U;"Презентация учебника Бориса Якеменко ""Практическая миссиология""";Борис Якеменко;8;289;Борис Якеменко;https://www.youtube.com/watch?v=8C2xXnqZG6U
0QpqaRTiX9s;Пресс-конференция В. Якеменко;popenglish;4;1798;короткое;https://www.youtube.com/watch?v=0QpqaRTiX9s
VmcazvdJWac;Реальные причины СВО. Распил бюджета. Тайна Навального. Скандальное интервью брата. Борис Якеменко;Станислав Роженьков;107;11066;Борис Якеменко;https://www.youtube.com/watch?v=VmcazvdJWac
gJiqQRA0Kk4;Русская Пробежка - реклама от Василия Якеменко;leotube4120;1;610;короткое;https://www.youtube.com/watch?v=gJiqQRA0Kk4
KKaQboomJwA;Срок/The Term. Эпизод 51. Якеменко - Путин.;Srok Documentary;4;114886;короткое;https://www.youtube.com/watch?v=KKaQboomJwA
sZeFUsK79yQ;Срок/The Term. Эпизод 700. Якеменко, Собчак и немецкое порно.;Srok Documentary;5;107111;короткое;https://www.youtube.com/watch?v=sZeFUsK79yQ
-WGDbrhO1L0;Таинственное появление Василия Якеменко на Пермском;Телеканал Дождь;6;3318;короткое;https://www.youtube.com/watch?v=-WGDbrhO1L0
xnxRxNK62EU;Форум Якеменко на Селигере - сюжет Рен-ТВ;Pavel Elizarov;4;14254;короткое;https://www.youtube.com/watch?v=xnxRxNK62EU
VSzsSMfLhqM;"Фрагмент разбора фильма ""Ворошиловский стрелок"" Василий Якеменко";;6;3900;короткое;https://www.youtube.com/watch?v=VSzsSMfLhqM
8dhvimsvD98;ЧТО ТАКОЕ ЗЛО ЯКЕМЕНКО;Люберецкий Вася;3;24;короткое;https://www.youtube.com/watch?v=8dhvimsvD98
qhyyyMHbL8o;Янукович, Якименко и Лебедев выдают России секретную...;Подробиці;0;291;короткое;https://www.youtube.com/watch?v=qhyyyMHbL8o
dPF9Y0WZ-3g;Ярослав Нилов о Якеменко Сеня Кайнов Seny Kaynov #SENYKAY;ЯтакДУМАЮ VIPCOMMENTS;1;116;короткое;https://www.youtube.com/watch?v=dPF9Y0WZ-3g
O6dZ2q0-Po0;якименко без прикрас;wwwMSKRUwww;5;1866;короткое;https://www.youtube.com/watch?v=O6dZ2q0-Po0
